label,use_encoder,torso_fx,torso_fy,torso_fz,left_fx,left_fy,left_fz,right_fx,right_fy,right_fz,total_force_mag,survival_time,success,tracking_rmse_vx,tracking_rmse_vy,tracking_rmse_xy,mean_orientation_err
Torso|0N|zero,True,0.0,0.0,0.0,0.0,0.0,0.0,0.0,0.0,0.0,0.0,10.0,True,0.0503,0.0754,0.0906,0.0613
Torso|2N|+X,True,2.0,0.0,0.0,0.0,0.0,0.0,0.0,0.0,0.0,2.0,10.0,True,0.0518,0.0745,0.0908,0.0624
Torso|2N|-X,True,-2.0,0.0,0.0,0.0,0.0,0.0,0.0,0.0,0.0,2.0,10.0,True,0.0483,0.0761,0.0901,0.0596
Torso|2N|+Y,True,0.0,2.0,0.0,0.0,0.0,0.0,0.0,0.0,0.0,2.0,10.0,True,0.0514,0.0751,0.091,0.0615
Torso|2N|-Y,True,0.0,-2.0,0.0,0.0,0.0,0.0,0.0,0.0,0.0,2.0,10.0,True,0.0492,0.0766,0.091,0.0611
Torso|2N|+Z,True,0.0,0.0,2.0,0.0,0.0,0.0,0.0,0.0,0.0,2.0,10.0,True,0.0498,0.075,0.0901,0.061
Torso|2N|-Z,True,0.0,0.0,-2.0,0.0,0.0,0.0,0.0,0.0,0.0,2.0,10.0,True,0.0501,0.0756,0.0907,0.0611
Torso|5N|+X,True,5.0,0.0,0.0,0.0,0.0,0.0,0.0,0.0,0.0,5.0,10.0,True,0.0568,0.0746,0.0937,0.0647
Torso|5N|-X,True,-5.0,0.0,0.0,0.0,0.0,0.0,0.0,0.0,0.0,5.0,10.0,True,0.0472,0.0779,0.0911,0.0578
Torso|5N|+Y,True,0.0,5.0,0.0,0.0,0.0,0.0,0.0,0.0,0.0,5.0,10.0,True,0.0558,0.0753,0.0937,0.0624
Torso|5N|-Y,True,0.0,-5.0,0.0,0.0,0.0,0.0,0.0,0.0,0.0,5.0,10.0,True,0.0497,0.0772,0.0918,0.0622
Torso|5N|+Z,True,0.0,0.0,5.0,0.0,0.0,0.0,0.0,0.0,0.0,5.0,10.0,True,0.0498,0.0747,0.0898,0.0607
Torso|5N|-Z,True,0.0,0.0,-5.0,0.0,0.0,0.0,0.0,0.0,0.0,5.0,10.0,True,0.0503,0.0757,0.0909,0.0613
Torso|8N|+X,True,8.0,0.0,0.0,0.0,0.0,0.0,0.0,0.0,0.0,8.0,10.0,True,0.0619,0.0737,0.0963,0.0674
Torso|8N|-X,True,-8.0,0.0,0.0,0.0,0.0,0.0,0.0,0.0,0.0,8.0,10.0,True,0.0474,0.0798,0.0928,0.0561
Torso|8N|+Y,True,0.0,8.0,0.0,0.0,0.0,0.0,0.0,0.0,0.0,8.0,10.0,True,0.0602,0.0749,0.0961,0.064
Torso|8N|-Y,True,0.0,-8.0,0.0,0.0,0.0,0.0,0.0,0.0,0.0,8.0,10.0,True,0.0522,0.0776,0.0935,0.0639
Torso|8N|+Z,True,0.0,0.0,8.0,0.0,0.0,0.0,0.0,0.0,0.0,8.0,10.0,True,0.0494,0.0747,0.0895,0.0606
Torso|8N|-Z,True,0.0,0.0,-8.0,0.0,0.0,0.0,0.0,0.0,0.0,8.0,10.0,True,0.0505,0.0765,0.0917,0.0618
Torso|10N|+X,True,10.0,0.0,0.0,0.0,0.0,0.0,0.0,0.0,0.0,10.0,10.0,True,0.0645,0.0741,0.0983,0.069
Torso|10N|-X,True,-10.0,0.0,0.0,0.0,0.0,0.0,0.0,0.0,0.0,10.0,10.0,True,0.0489,0.0812,0.0948,0.0551
Torso|10N|+Y,True,0.0,10.0,0.0,0.0,0.0,0.0,0.0,0.0,0.0,10.0,10.0,True,0.0648,0.0734,0.098,0.0652
Torso|10N|-Y,True,0.0,-10.0,0.0,0.0,0.0,0.0,0.0,0.0,0.0,10.0,10.0,True,0.0544,0.078,0.0951,0.0653
Torso|10N|+Z,True,0.0,0.0,10.0,0.0,0.0,0.0,0.0,0.0,0.0,10.0,10.0,True,0.0491,0.0744,0.0892,0.0606
Torso|10N|-Z,True,0.0,0.0,-10.0,0.0,0.0,0.0,0.0,0.0,0.0,10.0,10.0,True,0.0509,0.0762,0.0916,0.0621
Torso|15N|+X,True,15.0,0.0,0.0,0.0,0.0,0.0,0.0,0.0,0.0,15.0,10.0,True,0.0722,0.0748,0.1039,0.073
Torso|15N|-X,True,-15.0,0.0,0.0,0.0,0.0,0.0,0.0,0.0,0.0,15.0,10.0,True,0.0547,0.0863,0.1022,0.0524
Torso|15N|+Y,True,0.0,15.0,0.0,0.0,0.0,0.0,0.0,0.0,0.0,15.0,10.0,True,0.0769,0.0736,0.1065,0.0685
Torso|15N|-Y,True,0.0,-15.0,0.0,0.0,0.0,0.0,0.0,0.0,0.0,15.0,10.0,True,0.0606,0.0784,0.0991,0.0681
Torso|15N|+Z,True,0.0,0.0,15.0,0.0,0.0,0.0,0.0,0.0,0.0,15.0,10.0,True,0.0491,0.0733,0.0883,0.0602
Torso|15N|-Z,True,0.0,0.0,-15.0,0.0,0.0,0.0,0.0,0.0,0.0,15.0,10.0,True,0.0512,0.0773,0.0927,0.0623
Torso|20N|+X,True,20.0,0.0,0.0,0.0,0.0,0.0,0.0,0.0,0.0,20.0,10.0,True,0.076,0.0774,0.1085,0.0769
Torso|20N|-X,True,-20.0,0.0,0.0,0.0,0.0,0.0,0.0,0.0,0.0,20.0,10.0,True,0.0662,0.0895,0.1113,0.0497
Torso|20N|+Y,True,0.0,20.0,0.0,0.0,0.0,0.0,0.0,0.0,0.0,20.0,10.0,True,0.088,0.0764,0.1165,0.0717
Torso|20N|-Y,True,0.0,-20.0,0.0,0.0,0.0,0.0,0.0,0.0,0.0,20.0,10.0,True,0.0647,0.0795,0.1024,0.0708
Torso|20N|+Z,True,0.0,0.0,20.0,0.0,0.0,0.0,0.0,0.0,0.0,20.0,10.0,True,0.0492,0.0724,0.0876,0.0602
Torso|20N|-Z,True,0.0,0.0,-20.0,0.0,0.0,0.0,0.0,0.0,0.0,20.0,10.0,True,0.0518,0.0779,0.0936,0.0627
Torso|25N|+X,True,25.0,0.0,0.0,0.0,0.0,0.0,0.0,0.0,0.0,25.0,10.0,True,0.0774,0.0813,0.1123,0.0807
Torso|25N|-X,True,-25.0,0.0,0.0,0.0,0.0,0.0,0.0,0.0,0.0,25.0,10.0,True,0.0777,0.0935,0.1216,0.0492
Torso|25N|+Y,True,0.0,25.0,0.0,0.0,0.0,0.0,0.0,0.0,0.0,25.0,10.0,True,0.0964,0.082,0.1265,0.0751
Torso|25N|-Y,True,0.0,-25.0,0.0,0.0,0.0,0.0,0.0,0.0,0.0,25.0,10.0,True,0.0669,0.0813,0.1053,0.0736
Torso|25N|+Z,True,0.0,0.0,25.0,0.0,0.0,0.0,0.0,0.0,0.0,25.0,10.0,True,0.0492,0.0721,0.0873,0.0598
Torso|25N|-Z,True,0.0,0.0,-25.0,0.0,0.0,0.0,0.0,0.0,0.0,25.0,10.0,True,0.0533,0.0788,0.0951,0.0633
Torso|30N|+X,True,30.0,0.0,0.0,0.0,0.0,0.0,0.0,0.0,0.0,30.0,10.0,True,0.0764,0.0838,0.1134,0.0845
Torso|30N|-X,True,-30.0,0.0,0.0,0.0,0.0,0.0,0.0,0.0,0.0,30.0,10.0,True,0.085,0.0965,0.1285,0.0497
Torso|30N|+Y,True,0.0,30.0,0.0,0.0,0.0,0.0,0.0,0.0,0.0,30.0,10.0,True,0.1022,0.089,0.1355,0.0779
Torso|30N|-Y,True,0.0,-30.0,0.0,0.0,0.0,0.0,0.0,0.0,0.0,30.0,10.0,True,0.0691,0.0829,0.1079,0.0766
Torso|30N|+Z,True,0.0,0.0,30.0,0.0,0.0,0.0,0.0,0.0,0.0,30.0,10.0,True,0.0485,0.0715,0.0864,0.0594
Torso|30N|-Z,True,0.0,0.0,-30.0,0.0,0.0,0.0,0.0,0.0,0.0,30.0,10.0,True,0.0534,0.0796,0.0958,0.0636
Left Wrist|0N|zero,True,0.0,0.0,0.0,0.0,0.0,0.0,0.0,0.0,0.0,0.0,10.0,True,0.0503,0.0754,0.0906,0.0613
Left Wrist|2N|+X,True,0.0,0.0,0.0,2.0,0.0,0.0,0.0,0.0,0.0,2.0,10.0,True,0.0518,0.0747,0.0909,0.0619
Left Wrist|2N|-X,True,0.0,0.0,0.0,-2.0,0.0,0.0,0.0,0.0,0.0,2.0,10.0,True,0.0484,0.0757,0.0898,0.06
Left Wrist|2N|+Y,True,0.0,0.0,0.0,0.0,2.0,0.0,0.0,0.0,0.0,2.0,10.0,True,0.0513,0.0749,0.0908,0.061
Left Wrist|2N|-Y,True,0.0,0.0,0.0,0.0,-2.0,0.0,0.0,0.0,0.0,2.0,10.0,True,0.0499,0.0753,0.0904,0.0614
Left Wrist|2N|+Z,True,0.0,0.0,0.0,0.0,0.0,2.0,0.0,0.0,0.0,2.0,10.0,True,0.0497,0.0755,0.0904,0.0613
Left Wrist|2N|-Z,True,0.0,0.0,0.0,0.0,0.0,-2.0,0.0,0.0,0.0,2.0,10.0,True,0.0507,0.0755,0.091,0.0614
Left Wrist|5N|+X,True,0.0,0.0,0.0,5.0,0.0,0.0,0.0,0.0,0.0,5.0,10.0,True,0.0564,0.074,0.093,0.0635
Left Wrist|5N|-X,True,0.0,0.0,0.0,-5.0,0.0,0.0,0.0,0.0,0.0,5.0,10.0,True,0.0477,0.0772,0.0908,0.0589
Left Wrist|5N|+Y,True,0.0,0.0,0.0,0.0,5.0,0.0,0.0,0.0,0.0,5.0,10.0,True,0.0538,0.0753,0.0925,0.0614
Left Wrist|5N|-Y,True,0.0,0.0,0.0,0.0,-5.0,0.0,0.0,0.0,0.0,5.0,10.0,True,0.0499,0.0775,0.0922,0.0618
Left Wrist|5N|+Z,True,0.0,0.0,0.0,0.0,0.0,5.0,0.0,0.0,0.0,5.0,10.0,True,0.0495,0.0749,0.0898,0.0611
Left Wrist|5N|-Z,True,0.0,0.0,0.0,0.0,0.0,-5.0,0.0,0.0,0.0,5.0,10.0,True,0.0509,0.0758,0.0913,0.0615
Left Wrist|8N|+X,True,0.0,0.0,0.0,8.0,0.0,0.0,0.0,0.0,0.0,8.0,10.0,True,0.0624,0.0736,0.0964,0.0659
Left Wrist|8N|-X,True,0.0,0.0,0.0,-8.0,0.0,0.0,0.0,0.0,0.0,8.0,10.0,True,0.0478,0.0784,0.0918,0.058
Left Wrist|8N|+Y,True,0.0,0.0,0.0,0.0,8.0,0.0,0.0,0.0,0.0,8.0,10.0,True,0.0576,0.0758,0.0952,0.0623
Left Wrist|8N|-Y,True,0.0,0.0,0.0,0.0,-8.0,0.0,0.0,0.0,0.0,8.0,10.0,True,0.0528,0.0792,0.0952,0.0633
Left Wrist|8N|+Z,True,0.0,0.0,0.0,0.0,0.0,8.0,0.0,0.0,0.0,8.0,10.0,True,0.0488,0.0746,0.0891,0.0609
Left Wrist|8N|-Z,True,0.0,0.0,0.0,0.0,0.0,-8.0,0.0,0.0,0.0,8.0,10.0,True,0.0521,0.0761,0.0922,0.0618
Left Wrist|10N|+X,True,0.0,0.0,0.0,10.0,0.0,0.0,0.0,0.0,0.0,10.0,10.0,True,0.0647,0.0737,0.0981,0.0671
Left Wrist|10N|-X,True,0.0,0.0,0.0,-10.0,0.0,0.0,0.0,0.0,0.0,10.0,10.0,True,0.0495,0.0798,0.0939,0.0568
Left Wrist|10N|+Y,True,0.0,0.0,0.0,0.0,10.0,0.0,0.0,0.0,0.0,10.0,10.0,True,0.0612,0.0758,0.0974,0.0626
Left Wrist|10N|-Y,True,0.0,0.0,0.0,0.0,-10.0,0.0,0.0,0.0,0.0,10.0,10.0,True,0.0552,0.08,0.0972,0.0643
Left Wrist|10N|+Z,True,0.0,0.0,0.0,0.0,0.0,10.0,0.0,0.0,0.0,10.0,10.0,True,0.048,0.0748,0.0889,0.0609
Left Wrist|10N|-Z,True,0.0,0.0,0.0,0.0,0.0,-10.0,0.0,0.0,0.0,10.0,10.0,True,0.0523,0.076,0.0923,0.0617
Left Wrist|15N|+X,True,0.0,0.0,0.0,15.0,0.0,0.0,0.0,0.0,0.0,15.0,10.0,True,0.0729,0.0725,0.1029,0.0698
Left Wrist|15N|-X,True,0.0,0.0,0.0,-15.0,0.0,0.0,0.0,0.0,0.0,15.0,10.0,True,0.0552,0.0833,0.0999,0.0549
Left Wrist|15N|+Y,True,0.0,0.0,0.0,0.0,15.0,0.0,0.0,0.0,0.0,15.0,10.0,True,0.0711,0.0752,0.1035,0.0636
Left Wrist|15N|-Y,True,0.0,0.0,0.0,0.0,-15.0,0.0,0.0,0.0,0.0,15.0,10.0,True,0.0645,0.0814,0.1038,0.0669
Left Wrist|15N|+Z,True,0.0,0.0,0.0,0.0,0.0,15.0,0.0,0.0,0.0,15.0,10.0,True,0.0476,0.0752,0.089,0.0613
Left Wrist|15N|-Z,True,0.0,0.0,0.0,0.0,0.0,-15.0,0.0,0.0,0.0,15.0,10.0,True,0.0542,0.0777,0.0947,0.0628
Left Wrist|20N|+X,True,0.0,0.0,0.0,20.0,0.0,0.0,0.0,0.0,0.0,20.0,10.0,True,0.0795,0.0748,0.1092,0.0724
Left Wrist|20N|-X,True,0.0,0.0,0.0,-20.0,0.0,0.0,0.0,0.0,0.0,20.0,10.0,True,0.0601,0.0897,0.1079,0.0528
Left Wrist|20N|+Y,True,0.0,0.0,0.0,0.0,20.0,0.0,0.0,0.0,0.0,20.0,10.0,True,0.083,0.0755,0.1122,0.0652
Left Wrist|20N|-Y,True,0.0,0.0,0.0,0.0,-20.0,0.0,0.0,0.0,0.0,20.0,10.0,True,0.0722,0.0827,0.1098,0.0691
Left Wrist|20N|+Z,True,0.0,0.0,0.0,0.0,0.0,20.0,0.0,0.0,0.0,20.0,10.0,True,0.0466,0.075,0.0883,0.0618
Left Wrist|20N|-Z,True,0.0,0.0,0.0,0.0,0.0,-20.0,0.0,0.0,0.0,20.0,10.0,True,0.056,0.0782,0.0962,0.0635
Left Wrist|25N|+X,True,0.0,0.0,0.0,25.0,0.0,0.0,0.0,0.0,0.0,25.0,10.0,True,0.0843,0.0772,0.1143,0.0752
Left Wrist|25N|-X,True,0.0,0.0,0.0,-25.0,0.0,0.0,0.0,0.0,0.0,25.0,10.0,True,0.0623,0.0973,0.1156,0.052
Left Wrist|25N|+Y,True,0.0,0.0,0.0,0.0,25.0,0.0,0.0,0.0,0.0,25.0,10.0,True,0.0922,0.0775,0.1205,0.067
Left Wrist|25N|-Y,True,0.0,0.0,0.0,0.0,-25.0,0.0,0.0,0.0,0.0,25.0,10.0,True,0.0782,0.0864,0.1166,0.0712
Left Wrist|25N|+Z,True,0.0,0.0,0.0,0.0,0.0,25.0,0.0,0.0,0.0,25.0,10.0,True,0.0464,0.0752,0.0883,0.0623
Left Wrist|25N|-Z,True,0.0,0.0,0.0,0.0,0.0,-25.0,0.0,0.0,0.0,25.0,10.0,True,0.0578,0.0788,0.0977,0.0644
Left Wrist|30N|+X,True,0.0,0.0,0.0,30.0,0.0,0.0,0.0,0.0,0.0,30.0,10.0,True,0.0847,0.0789,0.1158,0.0781
Left Wrist|30N|-X,True,0.0,0.0,0.0,-30.0,0.0,0.0,0.0,0.0,0.0,30.0,10.0,True,0.0712,0.1042,0.1262,0.0522
Left Wrist|30N|+Y,True,0.0,0.0,0.0,0.0,30.0,0.0,0.0,0.0,0.0,30.0,10.0,True,0.1,0.0827,0.1298,0.0685
Left Wrist|30N|-Y,True,0.0,0.0,0.0,0.0,-30.0,0.0,0.0,0.0,0.0,30.0,10.0,True,0.0839,0.0886,0.1221,0.0735
Left Wrist|30N|+Z,True,0.0,0.0,0.0,0.0,0.0,30.0,0.0,0.0,0.0,30.0,10.0,True,0.0458,0.0752,0.088,0.0624
Left Wrist|30N|-Z,True,0.0,0.0,0.0,0.0,0.0,-30.0,0.0,0.0,0.0,30.0,10.0,True,0.0597,0.0805,0.1002,0.0655
Right Wrist|0N|zero,True,0.0,0.0,0.0,0.0,0.0,0.0,0.0,0.0,0.0,0.0,10.0,True,0.0503,0.0754,0.0906,0.0613
Right Wrist|2N|+X,True,0.0,0.0,0.0,0.0,0.0,0.0,2.0,0.0,0.0,2.0,10.0,True,0.0528,0.0751,0.0918,0.062
Right Wrist|2N|-X,True,0.0,0.0,0.0,0.0,0.0,0.0,-2.0,0.0,0.0,2.0,10.0,True,0.0479,0.076,0.0899,0.0601
Right Wrist|2N|+Y,True,0.0,0.0,0.0,0.0,0.0,0.0,0.0,2.0,0.0,2.0,10.0,True,0.0515,0.0752,0.0911,0.0612
Right Wrist|2N|-Y,True,0.0,0.0,0.0,0.0,0.0,0.0,0.0,-2.0,0.0,2.0,10.0,True,0.0495,0.0764,0.091,0.0612
Right Wrist|2N|+Z,True,0.0,0.0,0.0,0.0,0.0,0.0,0.0,0.0,2.0,2.0,10.0,True,0.0497,0.0751,0.0901,0.0613
Right Wrist|2N|-Z,True,0.0,0.0,0.0,0.0,0.0,0.0,0.0,0.0,-2.0,2.0,10.0,True,0.0501,0.0755,0.0906,0.0614
Right Wrist|5N|+X,True,0.0,0.0,0.0,0.0,0.0,0.0,5.0,0.0,0.0,5.0,10.0,True,0.058,0.0746,0.0945,0.0641
Right Wrist|5N|-X,True,0.0,0.0,0.0,0.0,0.0,0.0,-5.0,0.0,0.0,5.0,10.0,True,0.0465,0.0774,0.0903,0.0584
Right Wrist|5N|+Y,True,0.0,0.0,0.0,0.0,0.0,0.0,0.0,5.0,0.0,5.0,10.0,True,0.0548,0.0759,0.0936,0.062
Right Wrist|5N|-Y,True,0.0,0.0,0.0,0.0,0.0,0.0,0.0,-5.0,0.0,5.0,10.0,True,0.0497,0.078,0.0925,0.0616
Right Wrist|5N|+Z,True,0.0,0.0,0.0,0.0,0.0,0.0,0.0,0.0,5.0,5.0,10.0,True,0.0498,0.0755,0.0904,0.0611
Right Wrist|5N|-Z,True,0.0,0.0,0.0,0.0,0.0,0.0,0.0,0.0,-5.0,5.0,10.0,True,0.0501,0.0761,0.0911,0.0612
Right Wrist|8N|+X,True,0.0,0.0,0.0,0.0,0.0,0.0,8.0,0.0,0.0,8.0,10.0,True,0.0633,0.0743,0.0976,0.0655
Right Wrist|8N|-X,True,0.0,0.0,0.0,0.0,0.0,0.0,-8.0,0.0,0.0,8.0,10.0,True,0.0471,0.0788,0.0918,0.0569
Right Wrist|8N|+Y,True,0.0,0.0,0.0,0.0,0.0,0.0,0.0,8.0,0.0,8.0,10.0,True,0.0589,0.0779,0.0976,0.0628
Right Wrist|8N|-Y,True,0.0,0.0,0.0,0.0,0.0,0.0,0.0,-8.0,0.0,8.0,10.0,True,0.0517,0.0788,0.0942,0.0628
Right Wrist|8N|+Z,True,0.0,0.0,0.0,0.0,0.0,0.0,0.0,0.0,8.0,8.0,10.0,True,0.0506,0.0749,0.0904,0.0613
Right Wrist|8N|-Z,True,0.0,0.0,0.0,0.0,0.0,0.0,0.0,0.0,-8.0,8.0,10.0,True,0.0494,0.0774,0.0918,0.0616
Right Wrist|10N|+X,True,0.0,0.0,0.0,0.0,0.0,0.0,10.0,0.0,0.0,10.0,10.0,True,0.0679,0.0748,0.101,0.0666
Right Wrist|10N|-X,True,0.0,0.0,0.0,0.0,0.0,0.0,-10.0,0.0,0.0,10.0,10.0,True,0.0494,0.0799,0.094,0.0557
Right Wrist|10N|+Y,True,0.0,0.0,0.0,0.0,0.0,0.0,0.0,10.0,0.0,10.0,10.0,True,0.0646,0.0783,0.1014,0.0638
Right Wrist|10N|-Y,True,0.0,0.0,0.0,0.0,0.0,0.0,0.0,-10.0,0.0,10.0,10.0,True,0.0535,0.0797,0.096,0.0638
Right Wrist|10N|+Z,True,0.0,0.0,0.0,0.0,0.0,0.0,0.0,0.0,10.0,10.0,10.0,True,0.0511,0.0745,0.0903,0.0615
Right Wrist|10N|-Z,True,0.0,0.0,0.0,0.0,0.0,0.0,0.0,0.0,-10.0,10.0,10.0,True,0.05,0.077,0.0918,0.0612
Right Wrist|15N|+X,True,0.0,0.0,0.0,0.0,0.0,0.0,15.0,0.0,0.0,15.0,10.0,True,0.0753,0.0773,0.1079,0.07
Right Wrist|15N|-X,True,0.0,0.0,0.0,0.0,0.0,0.0,-15.0,0.0,0.0,15.0,10.0,True,0.0555,0.0839,0.1006,0.0538
Right Wrist|15N|+Y,True,0.0,0.0,0.0,0.0,0.0,0.0,0.0,15.0,0.0,15.0,10.0,True,0.0758,0.0784,0.1091,0.0656
Right Wrist|15N|-Y,True,0.0,0.0,0.0,0.0,0.0,0.0,0.0,-15.0,0.0,15.0,10.0,True,0.0585,0.0831,0.1017,0.0658
Right Wrist|15N|+Z,True,0.0,0.0,0.0,0.0,0.0,0.0,0.0,0.0,15.0,15.0,10.0,True,0.0513,0.074,0.09,0.0615
Right Wrist|15N|-Z,True,0.0,0.0,0.0,0.0,0.0,0.0,0.0,0.0,-15.0,15.0,10.0,True,0.0503,0.0779,0.0927,0.0615
Right Wrist|20N|+X,True,0.0,0.0,0.0,0.0,0.0,0.0,20.0,0.0,0.0,20.0,10.0,True,0.0803,0.0801,0.1134,0.0734
Right Wrist|20N|-X,True,0.0,0.0,0.0,0.0,0.0,0.0,-20.0,0.0,0.0,20.0,10.0,True,0.0619,0.089,0.1084,0.0519
Right Wrist|20N|+Y,True,0.0,0.0,0.0,0.0,0.0,0.0,0.0,20.0,0.0,20.0,10.0,True,0.089,0.0814,0.1206,0.0675
Right Wrist|20N|-Y,True,0.0,0.0,0.0,0.0,0.0,0.0,0.0,-20.0,0.0,20.0,10.0,True,0.0627,0.0858,0.1063,0.0675
Right Wrist|20N|+Z,True,0.0,0.0,0.0,0.0,0.0,0.0,0.0,0.0,20.0,20.0,10.0,True,0.0512,0.073,0.0892,0.0613
Right Wrist|20N|-Z,True,0.0,0.0,0.0,0.0,0.0,0.0,0.0,0.0,-20.0,20.0,10.0,True,0.05,0.0789,0.0934,0.0624
Right Wrist|25N|+X,True,0.0,0.0,0.0,0.0,0.0,0.0,25.0,0.0,0.0,25.0,10.0,True,0.0804,0.0849,0.1169,0.0769
Right Wrist|25N|-X,True,0.0,0.0,0.0,0.0,0.0,0.0,-25.0,0.0,0.0,25.0,10.0,True,0.0721,0.0927,0.1175,0.05
Right Wrist|25N|+Y,True,0.0,0.0,0.0,0.0,0.0,0.0,0.0,25.0,0.0,25.0,10.0,True,0.1001,0.087,0.1327,0.0689
Right Wrist|25N|-Y,True,0.0,0.0,0.0,0.0,0.0,0.0,0.0,-25.0,0.0,25.0,10.0,True,0.0668,0.088,0.1105,0.0696
Right Wrist|25N|+Z,True,0.0,0.0,0.0,0.0,0.0,0.0,0.0,0.0,25.0,25.0,10.0,True,0.0505,0.0728,0.0886,0.0611
Right Wrist|25N|-Z,True,0.0,0.0,0.0,0.0,0.0,0.0,0.0,0.0,-25.0,25.0,10.0,True,0.0502,0.0802,0.0946,0.063
Right Wrist|30N|+X,True,0.0,0.0,0.0,0.0,0.0,0.0,30.0,0.0,0.0,30.0,10.0,True,0.0792,0.0887,0.1189,0.08
Right Wrist|30N|-X,True,0.0,0.0,0.0,0.0,0.0,0.0,-30.0,0.0,0.0,30.0,10.0,True,0.0809,0.0945,0.1244,0.0489
Right Wrist|30N|+Y,True,0.0,0.0,0.0,0.0,0.0,0.0,0.0,30.0,0.0,30.0,10.0,True,0.1073,0.0941,0.1427,0.0707
Right Wrist|30N|-Y,True,0.0,0.0,0.0,0.0,0.0,0.0,0.0,-30.0,0.0,30.0,10.0,True,0.0697,0.0902,0.114,0.0716
Right Wrist|30N|+Z,True,0.0,0.0,0.0,0.0,0.0,0.0,0.0,0.0,30.0,30.0,10.0,True,0.0498,0.072,0.0876,0.0612
Right Wrist|30N|-Z,True,0.0,0.0,0.0,0.0,0.0,0.0,0.0,0.0,-30.0,30.0,10.0,True,0.0503,0.0817,0.096,0.0636
combined|5/5/5N|s0,True,-2.9702517986297607,-1.1044336557388306,3.8675355911254883,0.8789820075035095,4.16996431350708,2.6151070594787598,-3.5600969791412354,3.0314416885375977,-1.7708954811096191,15.0,10.0,True,0.0487,0.0789,0.0927,0.0575
combined|5/5/5N|s1,True,-1.0315536260604858,0.31090784072875977,-4.882544040679932,3.5172433853149414,-1.9799134731292725,2.9510912895202637,0.40724503993988037,4.576787948608398,-1.971589207649231,15.0,10.0,True,0.0551,0.0753,0.0933,0.0629
combined|5/5/5N|s2,True,-0.6913949251174927,0.7489920258522034,-4.89499568939209,1.9889614582061768,3.7035436630249023,2.7069900035858154,2.524745225906372,-0.4883039593696594,4.288032054901123,15.0,10.0,True,0.0584,0.0746,0.0947,0.0637
combined|5/5/5N|s3,True,4.696014881134033,1.7166672945022583,0.022361455485224724,-1.01948881149292,-3.466895580291748,3.4556150436401367,-4.915281295776367,-0.8376343250274658,0.37198805809020996,15.0,10.0,True,0.0473,0.0754,0.089,0.0613
combined|5/5/5N|s4,True,1.9563908576965332,4.0081095695495605,2.259997844696045,-0.9812055826187134,2.4507384300231934,-4.246306419372559,4.50106143951416,-0.4925421476364136,-2.12081241607666,15.0,10.0,True,0.066,0.0744,0.0995,0.0661
combined|10/5/5N|s0,True,-8.491092681884766,-0.8152984976768494,-5.218872547149658,4.770423889160156,-1.4961411952972412,0.06792964041233063,2.0568788051605225,2.073174476623535,4.058472633361816,20.0,10.0,True,0.0492,0.0774,0.0917,0.0594
combined|10/5/5N|s1,True,-4.198489189147949,-5.086418151855469,-7.516716957092285,-4.1399245262146,0.6017399430274963,2.7384181022644043,-3.229093313217163,-3.3214375972747803,-1.881757378578186,20.0,10.0,True,0.0468,0.0891,0.1006,0.0605
combined|10/5/5N|s2,True,-2.2643094062805176,-7.060091972351074,6.710290908813477,2.4734184741973877,-4.009840965270996,1.6743289232254028,-3.6065104007720947,-1.740814208984375,2.9937682151794434,20.0,10.0,True,0.0555,0.0788,0.0964,0.0641
combined|10/5/5N|s3,True,3.852004051208496,6.142110347747803,6.8874192237854,-2.194146156311035,-4.406200408935547,0.8781346678733826,0.6616883873939514,-3.7853665351867676,-3.198932647705078,20.0,10.0,True,0.0521,0.075,0.0913,0.0632
combined|10/5/5N|s4,True,4.405269145965576,8.893162727355957,-1.2268898487091064,-2.6537728309631348,-1.1605606079101562,-4.075608730316162,-2.6781249046325684,4.146116733551025,-0.7983478903770447,20.0,10.0,True,0.0694,0.0749,0.1021,0.0671
combined|10/10/10N|s0,True,9.257646560668945,1.1314542293548584,3.6077394485473633,-0.8255097270011902,7.301108360290527,-6.78324031829834,-2.0693016052246094,-7.999950408935547,5.6319427490234375,30.0,10.0,True,0.0582,0.0738,0.094,0.066
combined|10/10/10N|s1,True,4.397850513458252,-2.667539596557617,8.575730323791504,-2.0605642795562744,-9.589289665222168,-1.9492526054382324,1.5613069534301758,-1.0164917707443237,9.824920654296875,30.0,10.0,True,0.0602,0.0793,0.0996,0.0656
combined|10/10/10N|s2,True,3.598736524581909,7.283745288848877,5.83062219619751,-5.220072269439697,-1.1697384119033813,-8.448820114135742,-4.196770191192627,7.23988151550293,-5.474599838256836,30.0,10.0,True,0.0703,0.0786,0.1054,0.0653
combined|10/10/10N|s3,True,-5.985217094421387,3.065838575363159,7.401203155517578,-3.871941328048706,-2.779827356338501,8.790940284729004,5.134365558624268,-5.765466213226318,6.355916976928711,30.0,10.0,True,0.0446,0.0791,0.0908,0.0588
combined|10/10/10N|s4,True,0.37706291675567627,1.2613075971603394,9.912968635559082,-1.9771864414215088,-3.496671199798584,9.157730102539062,-3.775503396987915,9.201420783996582,-1.0389595031738281,30.0,10.0,True,0.0478,0.0809,0.094,0.0585
combined|15/10/10N|s0,True,0.7802081108093262,7.751712799072266,12.818042755126953,9.218265533447266,-1.8828155994415283,-3.3880066871643066,4.679363250732422,1.8142420053482056,-8.649397850036621,35.0,10.0,True,0.0794,0.075,0.1092,0.0711
combined|15/10/10N|s1,True,5.660335540771484,13.700185775756836,2.294666290283203,9.62808609008789,2.5258471965789795,-0.9591951370239258,0.8508256077766418,-4.7553391456604,-8.755731582641602,35.0,10.0,True,0.0844,0.0775,0.1146,0.0733
combined|15/10/10N|s2,True,6.8670148849487305,-12.295764923095703,-5.1631669998168945,-1.4685605764389038,6.340229034423828,7.5924201011657715,0.27905938029289246,-9.939401626586914,-1.0632214546203613,35.000004,10.0,True,0.0618,0.0781,0.0996,0.0721
combined|15/10/10N|s3,True,-9.206589698791504,-1.321829915046692,11.76823902130127,8.248296737670898,2.2580697536468506,5.183313369750977,-9.154719352722168,1.1985669136047363,3.8411643505096436,35.0,10.0,True,0.0492,0.0781,0.0923,0.054
combined|15/10/10N|s4,True,-11.785829544067383,6.7595672607421875,-6.356295108795166,6.308111190795898,6.988487243652344,-3.371762275695801,5.770151615142822,-0.7497266530990601,8.132850646972656,35.0,10.0,True,0.0739,0.0738,0.1045,0.0667
combined|20/10/10N|s0,True,-18.220083236694336,2.3632092475891113,7.9021382331848145,-3.67226505279541,-8.43911075592041,-3.910992383956909,9.189189910888672,-2.7974841594696045,-2.780801773071289,40.0,10.0,True,0.0459,0.0952,0.1057,0.0556
combined|20/10/10N|s1,True,17.406057357788086,5.663591384887695,8.059337615966797,6.799883842468262,-7.2639312744140625,0.9984400868415833,1.3476176261901855,-1.4252156019210815,-9.805747032165527,40.0,10.0,True,0.0788,0.08,0.1123,0.081
combined|20/10/10N|s2,True,4.731163024902344,-16.918498992919922,-9.55931282043457,-6.538161277770996,-3.329366445541382,6.794686317443848,6.5686774253845215,6.828837871551514,3.196789026260376,40.0,10.0,True,0.0616,0.078,0.0995,0.0714
combined|20/10/10N|s3,True,3.340527057647705,-17.751678466796875,8.585963249206543,9.817137718200684,1.691152811050415,0.8739607930183411,6.860260486602783,7.154160022735596,1.3246983289718628,40.0,10.0,True,0.0742,0.0753,0.1057,0.0748
combined|20/10/10N|s4,True,-5.095946788787842,4.931587219238281,-18.7005558013916,-7.9507975578308105,5.7481913566589355,-1.9347119331359863,3.4060544967651367,7.395755767822266,5.805306911468506,40.0,10.0,True,0.0898,0.081,0.121,0.0672
combined|20/15/15N|s0,True,-8.315661430358887,4.879979133605957,-17.522430419921875,-1.4914599657058716,14.91867733001709,0.4567699730396271,-11.496363639831543,-9.076811790466309,-3.2318923473358154,50.0,10.0,True,0.0605,0.0934,0.1113,0.0517
combined|20/15/15N|s1,True,19.672943115234375,2.9376468658447266,2.0845868587493896,-7.498624324798584,0.834394633769989,-12.964351654052734,3.4760351181030273,11.991499900817871,-8.313910484313965,50.0,10.0,True,0.093,0.0843,0.1256,0.0762
combined|20/15/15N|s2,True,16.55670928955078,-10.991460800170898,2.2501378059387207,-1.3276193141937256,0.9167563319206238,14.912981033325195,4.435534954071045,-3.4112603664398193,-13.917231559753418,50.0,10.0,True,0.0656,0.0754,0.1,0.0823
combined|20/15/15N|s3,True,15.062531471252441,12.859149932861328,2.786112070083618,-3.401071071624756,9.739141464233398,-10.88952922821045,-6.905130386352539,-12.908699989318848,3.2687337398529053,50.0,10.0,True,0.0665,0.0724,0.0983,0.0698
combined|20/15/15N|s4,True,-4.3154449462890625,19.528179168701172,0.16470672190189362,-3.7323179244995117,8.950742721557617,-11.443513870239258,-12.468965530395508,6.154547691345215,-5.625519752502441,50.0,10.0,True,0.1266,0.1062,0.1652,0.0726
NO_ENC|Torso|0N|zero,False,0.0,0.0,0.0,0.0,0.0,0.0,0.0,0.0,0.0,0.0,10.0,True,0.0503,0.0754,0.0906,0.0613
NO_ENC|Torso|5N|+X,False,5.0,0.0,0.0,0.0,0.0,0.0,0.0,0.0,0.0,5.0,10.0,True,0.0591,0.0736,0.0944,0.0645
NO_ENC|Torso|5N|-Z,False,0.0,0.0,-5.0,0.0,0.0,0.0,0.0,0.0,0.0,5.0,10.0,True,0.0499,0.0766,0.0914,0.0614
NO_ENC|Torso|10N|+X,False,10.0,0.0,0.0,0.0,0.0,0.0,0.0,0.0,0.0,10.0,10.0,True,0.0715,0.0723,0.1017,0.068
NO_ENC|Torso|10N|-Z,False,0.0,0.0,-10.0,0.0,0.0,0.0,0.0,0.0,0.0,10.0,10.0,True,0.0498,0.0774,0.092,0.0614
NO_ENC|Torso|15N|+X,False,15.0,0.0,0.0,0.0,0.0,0.0,0.0,0.0,0.0,15.0,10.0,True,0.0867,0.0711,0.1121,0.0719
NO_ENC|Torso|15N|-Z,False,0.0,0.0,-15.0,0.0,0.0,0.0,0.0,0.0,0.0,15.0,10.0,True,0.0495,0.0796,0.0938,0.0618
NO_ENC|Torso|20N|+X,False,20.0,0.0,0.0,0.0,0.0,0.0,0.0,0.0,0.0,20.0,10.0,True,0.1016,0.0708,0.1239,0.0757
NO_ENC|Torso|20N|-Z,False,0.0,0.0,-20.0,0.0,0.0,0.0,0.0,0.0,0.0,20.0,10.0,True,0.05,0.0811,0.0953,0.0618
NO_ENC|Left Wrist|0N|zero,False,0.0,0.0,0.0,0.0,0.0,0.0,0.0,0.0,0.0,0.0,10.0,True,0.0503,0.0754,0.0906,0.0613
NO_ENC|Left Wrist|5N|+X,False,0.0,0.0,0.0,5.0,0.0,0.0,0.0,0.0,0.0,5.0,10.0,True,0.0589,0.0737,0.0944,0.0632
NO_ENC|Left Wrist|5N|-Z,False,0.0,0.0,0.0,0.0,0.0,-5.0,0.0,0.0,0.0,5.0,10.0,True,0.0508,0.076,0.0915,0.0615
NO_ENC|Left Wrist|10N|+X,False,0.0,0.0,0.0,10.0,0.0,0.0,0.0,0.0,0.0,10.0,10.0,True,0.0724,0.0718,0.102,0.0661
NO_ENC|Left Wrist|10N|-Z,False,0.0,0.0,0.0,0.0,0.0,-10.0,0.0,0.0,0.0,10.0,10.0,True,0.0523,0.0771,0.0932,0.0619
NO_ENC|Left Wrist|15N|+X,False,0.0,0.0,0.0,15.0,0.0,0.0,0.0,0.0,0.0,15.0,10.0,True,0.0875,0.0689,0.1114,0.0687
NO_ENC|Left Wrist|15N|-Z,False,0.0,0.0,0.0,0.0,0.0,-15.0,0.0,0.0,0.0,15.0,10.0,True,0.0539,0.0777,0.0945,0.0623
NO_ENC|Left Wrist|20N|+X,False,0.0,0.0,0.0,20.0,0.0,0.0,0.0,0.0,0.0,20.0,10.0,True,0.1036,0.0663,0.123,0.0717
NO_ENC|Left Wrist|20N|-Z,False,0.0,0.0,0.0,0.0,0.0,-20.0,0.0,0.0,0.0,20.0,10.0,True,0.0555,0.0784,0.0961,0.0628
NO_ENC|Right Wrist|0N|zero,False,0.0,0.0,0.0,0.0,0.0,0.0,0.0,0.0,0.0,0.0,10.0,True,0.0503,0.0754,0.0906,0.0613
NO_ENC|Right Wrist|5N|+X,False,0.0,0.0,0.0,0.0,0.0,0.0,5.0,0.0,0.0,5.0,10.0,True,0.06,0.0746,0.0958,0.0637
NO_ENC|Right Wrist|5N|-Z,False,0.0,0.0,0.0,0.0,0.0,0.0,0.0,0.0,-5.0,5.0,10.0,True,0.0489,0.0767,0.091,0.061
NO_ENC|Right Wrist|10N|+X,False,0.0,0.0,0.0,0.0,0.0,0.0,10.0,0.0,0.0,10.0,10.0,True,0.0735,0.0751,0.1051,0.0654
NO_ENC|Right Wrist|10N|-Z,False,0.0,0.0,0.0,0.0,0.0,0.0,0.0,0.0,-10.0,10.0,10.0,True,0.0481,0.0776,0.0913,0.0603
NO_ENC|Right Wrist|15N|+X,False,0.0,0.0,0.0,0.0,0.0,0.0,15.0,0.0,0.0,15.0,10.0,True,0.0872,0.0765,0.116,0.0679
NO_ENC|Right Wrist|15N|-Z,False,0.0,0.0,0.0,0.0,0.0,0.0,0.0,0.0,-15.0,15.0,10.0,True,0.0466,0.0786,0.0914,0.0609
NO_ENC|Right Wrist|20N|+X,False,0.0,0.0,0.0,0.0,0.0,0.0,20.0,0.0,0.0,20.0,10.0,True,0.103,0.0784,0.1294,0.0706
NO_ENC|Right Wrist|20N|-Z,False,0.0,0.0,0.0,0.0,0.0,0.0,0.0,0.0,-20.0,20.0,10.0,True,0.0456,0.0798,0.0919,0.061
